{"cameraMode":{"drawMode":0,"name":"Shaded","section":"Shading Mode"},"sceneLighting":true,"audioPlay":false,"sceneViewState":{"showFog":true,"showMaterialUpdate":false,"showSkybox":true,"showFlares":true,"showImageEffects":true,"showParticleSystems":true},"in2DMode":false,"pivot":{"x":0.2647813558578491,"y":3.9553897380828859,"z":-1.3494843244552613},"rotation":{"x":0.14244699478149415,"y":0.36935973167419436,"z":0.05740704387426376,"w":-0.9165078997612},"size":0.9757305979728699,"orthographic":false}